Wall time,Step,Value
1744584644.5617104,2048,973.0
1744584648.0623262,4096,731.0
1744584651.5788496,6144,673.0
1744584655.1294212,8192,646.0
1744584658.8838723,10240,623.0
