Wall time,Step,Value
1744584031.6702397,2048,964.0
1744584035.201085,4096,725.0
1744584038.5688033,6144,681.0
1744584042.2350788,8192,645.0
1744584045.7077444,10240,633.0
