Wall time,Step,Value
1744583225.2343638,2048,797.0
1744583229.3070724,4096,617.0
1744583233.1594844,6144,585.0
1744583236.732898,8192,582.0
1744583240.2422483,10240,582.0
