Wall time,Step,Value
1744584860.4332268,2048,799.0
1744584863.961678,4096,672.0
1744584867.5976803,6144,631.0
1744584871.3004365,8192,610.0
1744584874.9012294,10240,601.0
